Air temperature [K],Process temperature [K],Rotational speed [rpm],Torque [Nm],Tool wear [min],type_H,type_L,type_M,Machine failure
0.4974955318185388,0.602860481210279,-0.3669003026539776,0.42264306158271,0.1264552728376914,0,1,0,0
-1.4023537460317193,-1.149562544534041,-0.6681133016507984,-0.0287818491412933,0.1107445916552226,0,1,0,0
-0.1524529053407637,-0.61035545968962,-0.6792693386506806,1.014511277865292,1.2419136367929764,0,1,0,0
1.0974479353501918,1.0072657948436043,-0.3166981361545075,0.2621364266586198,-1.4446128454091889,1,0,0,0
1.1474439689778415,0.670261366815846,0.6594551013351894,-0.8915050118582778,-1.648851700781283,0,1,0,0
0.4474994981908892,0.5354595956047504,-0.3166981361545075,-0.2996367955756956,-1.6174303384163455,0,1,0,0
0.2975113973079973,0.5354595956047504,-0.913546115648208,1.3254928830307169,1.116228187333226,0,1,0,0
1.2474360362331125,1.0072657948436043,2.489045169315878,-2.1253997678372203,1.2890456803403827,0,1,0,0
0.6474836327014591,0.2658560531825208,-0.696003394150504,1.1449229187411152,1.430441810982602,0,1,0,0
0.8974638008396503,0.1310542819714251,-0.4561485986530356,0.0414398036379956,1.6503913475371652,0,1,0,0
0.0975272627974273,-0.205950146056333,-0.7294715051501508,0.4025797322171985,0.5663543459468179,0,0,1,0
-0.7524053088724167,-0.5429545740840913,0.1630114548404292,0.0615031330035071,-1.083267178212406,1,0,0,0
0.6974796663290803,0.737662252421413,-0.5230848206523292,0.1417564504655519,0.5663543459468179,1,0,0,0
-0.652413241617146,-0.1385492604507661,-0.5788650056517404,0.8840996369894685,-0.5805253803734046,0,0,1,0
0.2975113973079973,0.4006578243936547,-0.6234891536512694,1.2853662242996935,-0.5176826556435293,0,0,1,0
-0.3524370398513052,-0.677756345295187,-0.6346451906511517,0.0615031330035071,0.2364300411149731,1,0,0,0
0.0475312291698062,0.9398649092380372,-0.4003684136536244,-0.4300484364515186,-0.9890030911175934,0,1,0,0
1.0474519017225707,0.8050631380269416,0.4307563428376032,-0.4902384245480525,-0.8004749169279678,0,0,1,0
1.6474043052542235,1.7486755365046878,-0.7908297086495032,0.7135613373826232,0.4563795776695363,0,0,1,0
-0.6024172079894964,-0.61035545968962,-1.052996578146736,1.255271230251427,0.0479018669253474,0,1,0,0
-0.1524529053407637,0.3332569387880877,-0.2720739881549785,0.1216931211000411,0.2835620846623795,0,0,1,0
0.0975272627974273,1.0746666804491714,-0.160513618156156,0.7536879961136456,0.5977757083117555,0,0,1,0
0.9474598344672714,0.5354595956047504,0.0068269368420777,-0.2394468074791617,-0.391997206183779,0,1,0,0
-0.5024251407342256,0.1984551675769921,0.0737631588413712,-0.0087185197757825,0.0950339104727538,0,1,0,0
0.3475074309356185,-0.3407519172674287,-0.3334321916543309,-0.5504284126445864,1.3990204486176645,0,1,0,0
-0.6024172079894964,-0.1385492604507661,-0.4226804876533889,0.0013131449069732,-0.2820224379064973,0,1,0,0
-0.5024251407342256,-0.8125581165062826,-1.276117318144381,1.074701265961826,0.0636125481078162,0,1,0,0
1.4974162043713033,0.8724640236325086,3.6548510358035737,-2.3561280555406,0.6291970706766932,0,1,0,0
1.947380507020036,2.2204817357435416,-0.8075637641493265,1.1649862481066269,0.2050086787500355,0,1,0,0
1.8973844733924148,2.085679964532446,1.841995023322708,-1.4231832400443265,1.6189699851722277,0,1,0,0
1.797392406137144,1.8834773077157831,1.5965622093252982,-1.4833732281408605,-1.2403739900370945,0,0,1,0
-1.1523735778935282,-1.0147607733229451,1.0108702668314802,-1.0118849880513456,1.603259303989759,1,0,0,0
-0.7524053088724167,-1.216963430139608,-0.5286628391522703,0.0514714683207514,0.9748320566910068,0,1,0,0
-0.6024172079894964,-0.0711483748452374,1.1280086553302435,-1.2325816110719694,-0.9104496852052494,0,0,1,0
-1.2023696115211493,-1.149562544534041,0.1574334363404881,-0.5403967479618307,-0.5805253803734046,0,0,1,0
-0.7524053088724167,-1.149562544534041,-0.8800780046485611,1.0546379365963146,-1.3503487583143758,0,0,1,0
1.3474281034883828,1.4116711084769296,0.023560992341901,-0.2494784721619175,-1.177531265307219,0,1,0,0
-1.3523577124040698,-0.9473598877173782,-0.6011770796515049,1.3054295536652054,0.8177252448663187,0,0,1,0
-1.3523577124040698,-1.149562544534041,-0.7183154681502685,0.8138779842101795,-1.334638077131907,0,1,0,0
1.597408271626574,0.8724640236325086,-0.8131417826492676,1.2953978889824496,-1.507455570139064,0,1,0,0
0.1975193300526981,-0.1385492604507661,-0.5063507651525058,-0.0287818491412933,-0.0149408578045277,1,0,0,0
-1.0023854770106078,-1.2843643157451363,0.2689938063393106,-0.7711250356652106,-1.2246633088546257,0,0,1,0
0.1475232964250769,0.9398649092380372,-0.071265322157098,-0.1491618253343612,-0.1092049448993405,0,1,0,0
1.4474201707436536,1.6812746508991208,0.06818514034143,0.0013131449069732,-1.3817701206793134,0,0,1,0
-1.4523497796593403,-1.216963430139608,-0.7629396161497976,1.1248595893756042,1.2262029556105076,0,1,0,0
-0.7524053088724167,-0.4755536884785243,-0.6569572646509162,1.034574607230803,0.2521407222974419,1,0,0,0
-0.0024648044578433,0.9398649092380372,0.3638201208383097,-0.1290984959688496,1.2104922744280389,0,1,0,0
-0.9023934097553372,-0.4081528028729957,-0.5119287836524469,0.7135613373826232,1.2104922744280389,0,1,0,0
0.2975113973079973,-0.2733510316618617,0.7989055638337175,-0.9316316705893004,-0.470550612096123,0,1,0,0
0.2475153636803477,-0.0711483748452374,-0.1995597476557439,-0.2595101368446733,1.0533854626033508,0,1,0,0
-0.9023934097553372,-1.4191660869562706,-0.7796736716496209,1.496031182637562,0.4878009400344739,0,1,0,0
-1.2023696115211493,-1.2843643157451363,-0.5677089686518582,0.6333080199205777,0.6449077518591619,0,1,0,0
-0.2524449725960345,-0.61035545968962,-1.0139504486471482,0.7336246667481341,-0.0306515389869965,0,1,0,0
0.397503464563268,0.1984551675769921,-0.249761914155214,0.2220097679275974,-1.1461099029422814,0,0,1,0
1.1474439689778415,1.1420675660547,-0.1939817291558027,-0.269541801527429,-0.0149408578045277,0,0,1,0
-0.8523973761276875,-1.4191660869562706,0.916043952332481,-1.112201634878902,0.6134863894942243,0,1,0,0
-0.4024330734789548,-0.8125581165062826,-0.1995597476557439,-0.2595101368446733,0.0164805045604098,0,0,1,0
0.5974875990738095,1.6138737652935538,-0.1884037106558616,-0.0388135138240491,-0.0934942637168717,0,0,1,0
-0.5024251407342256,0.0636533963658965,-0.0433752296573924,-0.399953442403252,-0.8004749169279678,0,1,0,0
1.1474439689778415,1.0072657948436043,-0.8466098936489144,0.7336246667481341,-1.6645623819637518,0,1,0,0
-0.9023934097553372,-1.4865669725617991,0.4921145463369555,-0.8513783531272554,-0.6905001486506862,0,1,0,0
1.6474043052542235,0.9398649092380372,-0.160513618156156,-0.269541801527429,-1.1303992217598129,0,1,0,0
0.2475153636803477,-0.205950146056333,-0.8354538566490322,0.3323580794379088,-1.5545876136864702,0,0,1,0
0.8474677672120007,0.4006578243936547,-0.1437795626563326,0.1116614564172853,-0.6905001486506862,0,1,0,0
-0.8523973761276875,-1.4191660869562706,-0.6625352831508573,-0.0789401725550715,1.0690961437858195,1,0,0,0
-1.0023854770106078,-1.216963430139608,-0.9247021526480902,1.1248595893756042,1.6818127099021027,0,0,1,0
-0.9523894433829584,-0.677756345295187,1.3845975063275355,-1.2426132757547248,-0.9575817287526558,0,1,0,0
0.1475232964250769,0.2658560531825208,-0.2553399326551551,-0.2494784721619175,1.744655434631978,0,1,0,0
-1.2023696115211493,-0.5429545740840913,-0.5398188761521525,0.8138779842101795,-1.6959837443286896,0,0,1,0
0.0975272627974273,1.0072657948436043,-0.1326235256564504,-0.3197001249412072,-1.2717953524020318,1,0,0,0
0.1975193300526981,0.0636533963658965,-0.3055420991546252,-0.1993201487481394,1.4147311298001333,1,0,0,0
-0.7024092752447672,-0.205950146056333,-1.2538052441446166,0.9743846191342698,0.4406688964870675,0,0,1,0
-0.452429107106576,0.3332569387880877,-0.6681133016507984,0.8840996369894685,-0.5019719744610606,0,1,0,0
0.0975272627974273,0.1310542819714251,-0.562130950151917,1.1549545834238708,-1.5860089760514078,0,0,1,0
0.7474756999567299,0.602860481210279,-1.231493170144852,1.0646696012790704,-1.5231662513215327,0,1,0,0
0.1975193300526981,-0.0037474892396704,1.2841931733285954,-1.3930882459960594,-1.0989778593948751,0,1,0,0
0.1975193300526981,-0.4081528028729957,-0.0489532481573335,0.0414398036379956,0.0636125481078162,1,0,0,0
0.6974796663290803,0.737662252421413,-0.249761914155214,0.1919147738793301,0.5349329835818804,0,1,0,0
0.6974796663290803,0.602860481210279,-0.5509749131520348,0.5430230377757772,1.0848068249682885,0,1,0,0
0.7974717335843795,0.737662252421413,0.7877495268338351,-1.082106640830635,0.0479018669253474,0,1,0,0
-0.8523973761276875,-1.4191660869562706,1.267459117828772,-1.352961587265037,0.5820650271292868,0,1,0,0
-0.1024568717131141,-0.4081528028729957,0.5088486018367789,-0.7610933709824549,-0.863317641657843,0,1,0,0
0.5974875990738095,0.602860481210279,-0.7015814126504452,1.014511277865292,0.5192223023994115,0,1,0,0
-0.5024251407342256,-0.8799590021118496,0.4530684168373677,-0.4601434304997859,1.430441810982602,0,0,1,0
-1.3023616787764485,-0.9473598877173782,1.5686721168255926,-1.5435632162373938,-0.4548399309136541,0,1,0,0
-0.652413241617146,0.0636533963658965,0.7654374528340707,-0.6507450594721428,-0.5962360615558734,0,1,0,0
0.4474994981908892,0.4680587099991834,-0.2999640806546841,0.1016297917345295,1.1476495496981636,0,0,1,0
-0.5024251407342256,0.0636533963658965,-0.1884037106558616,0.1317247857827961,-0.3605758438188413,0,1,0,0
0.5474915654461884,0.8724640236325086,1.6579204128246507,-1.7241331805269953,-1.2089526276721567,0,0,1,0
-0.0524608380854929,-0.4081528028729957,-1.2091810961450875,1.3957145358100058,-1.177531265307219,0,1,0,0
-0.0024648044578433,-0.5429545740840913,0.5367386943364846,-0.7610933709824549,-1.6331410195988143,0,0,1,0
-0.7024092752447672,-0.205950146056333,-0.4226804876533889,-0.0889718372378272,-0.6590787862857486,1,0,0,0
0.997455868094921,0.2658560531825208,0.1630114548404292,-0.0789401725550715,0.0636125481078162,0,1,0,0
-0.7524053088724167,-0.9473598877173782,1.9981795413210592,-1.9849564622786415,-0.9104496852052494,0,0,1,0
1.2474360362331125,0.602860481210279,-0.3445882286542132,-0.0789401725550715,0.5663543459468179,0,1,0,0
1.0974479353501918,0.602860481210279,-0.4840386911527413,0.2320414326103524,-0.8161855981104366,0,1,0,0
1.7473963725094943,1.950878193321312,-0.562130950151917,0.2821997560241306,-0.0306515389869965,0,0,1,0
0.8474677672120007,0.602860481210279,0.1016532513410768,-0.0588768431895606,-1.6645623819637518,0,1,0,0
-0.3024410062236841,-0.4755536884785243,0.3191959728387807,-0.8212833590789884,-1.0675564970299374,0,1,0,0
0.0475312291698062,0.8724640236325086,-1.3040074106440869,2.4791343215476145,-0.6590787862857486,0,1,0,0
0.0975272627974273,1.0746666804491714,-0.4003684136536244,0.0715347976862629,-1.334638077131907,0,0,1,0
-0.6024172079894964,-0.8125581165062826,-0.0879993776569214,0.4427063909482209,-0.8318962792929054,0,1,0,0
0.0475312291698062,0.8724640236325086,0.7654374528340707,-0.9717583293203228,0.6763291142240996,0,1,0,0
-0.1024568717131141,-0.5429545740840913,-0.7740956531496798,0.2621364266586198,1.603259303989759,0,1,0,0
-0.7524053088724167,-0.205950146056333,-1.0306845041469714,2.087899398920144,-0.1877583508116845,0,0,1,0
-1.5523418469146395,-1.2843643157451363,-0.651379246150975,0.8740679723067134,1.6818127099021027,0,1,0,0
-0.1524529053407637,0.3332569387880877,-0.2609179511550963,-0.0689085078723164,0.3621154905747235,0,0,1,0
1.0974479353501918,0.602860481210279,-0.2832300251548608,0.42264306158271,-0.8004749169279678,0,0,1,0
-0.6024172079894964,-0.8799590021118496,0.5367386943364846,-0.4802067598652967,-0.9575817287526558,0,1,0,0
-0.5024251407342256,-0.0037474892396704,0.7431253788343062,-0.6808400535204094,0.5663543459468179,0,1,0,0
2.0973686079029563,2.153080850137975,-0.7964077271494443,1.0546379365963146,-1.5231662513215327,0,0,1,0
-1.0023854770106078,-1.4865669725617991,-0.2609179511550963,0.0213764742724847,1.3990204486176645,0,0,1,0
-1.50234581328699,-1.2843643157451363,-0.2776520066549197,0.4126113968999543,-0.1877583508116845,0,1,0,0
-0.8523973761276875,-1.3517652013507035,-0.5398188761521525,0.7336246667481341,-0.6747894674682174,0,1,0,0
0.1475232964250769,0.4680587099991834,0.0012489183421365,-0.7711250356652106,0.2364300411149731,0,1,0,0
0.1475232964250769,-0.61035545968962,-0.4505705801530945,0.4326747262654651,1.0533854626033508,0,0,1,0
0.0475312291698062,0.9398649092380372,0.4363343613375443,-0.0689085078723164,-0.9575817287526558,0,0,1,0
-1.50234581328699,-1.4865669725617991,1.312083265828301,-1.2024866170237023,1.2576243179754452,0,1,0,0
0.4974955318185388,0.0636533963658965,0.1072312698410179,-0.7410300416169433,-1.6959837443286896,0,1,0,0
0.1975193300526981,0.737662252421413,-0.7462055606499741,1.4157778651755175,1.3361777238877892,0,1,0,0
0.1975193300526981,-0.4081528028729957,1.8754631343223545,-1.6137848690166836,0.7391718389539748,0,0,1,0
0.4474994981908892,1.4116711084769296,0.4363343613375443,-0.9015366765410336,0.6291970706766932,0,0,1,0
0.0475312291698062,-0.3407519172674287,0.6761891568350127,-0.7309983769341876,-0.8004749169279678,0,1,0,0
1.0974479353501918,0.4680587099991834,0.3470860653384863,-0.7009033828859209,0.9119893319611316,0,0,1,0
-1.6023378805422608,-1.6213687437728947,-0.1437795626563326,0.0013131449069732,0.3464048093922547,0,1,0,0
-0.1024568717131141,0.3332569387880877,-0.2386058771553318,-0.1190668312860946,1.6818127099021027,0,1,0,0
0.1975193300526981,0.8050631380269416,-0.2776520066549197,0.5329913730930215,1.1319388685156948,1,0,0,0
-1.4023537460317193,-1.149562544534041,-1.186869022145323,1.726759470340942,-0.1249156260818093,0,0,1,0
1.1474439689778415,0.5354595956047504,1.0276043223313036,-1.3730249166305482,1.6503913475371652,0,1,0,0
-1.0523815106382577,-0.8125581165062826,-0.0043291001578045,-0.2394468074791617,-0.8476069604753742,0,0,1,0
0.1975193300526981,1.2768693372657955,1.8364170048227664,-1.8746081507683297,-0.2506010755415597,0,1,0,0
-0.6024172079894964,-0.0711483748452374,0.5032705833368378,-0.811251694396233,-0.9261603663877184,0,1,0,0
0.0475312291698062,0.8724640236325086,-0.3334321916543309,-0.0488451785068049,0.3935368529396611,0,1,0,0
-1.252365645148799,-0.61035545968962,-0.1326235256564504,-0.4902384245480525,1.6503913475371652,0,1,0,0
0.1975193300526981,0.3332569387880877,-0.2162938031555673,0.3022630853896422,-1.5545876136864702,0,0,1,0
1.2474360362331125,0.1984551675769921,-0.2832300251548608,0.1818831091965743,0.8177252448663187,0,0,1,0
-0.9023934097553372,-0.9473598877173782,-0.5900210426516227,-0.0488451785068049,-1.5860089760514078,0,1,0,0
0.5474915654461884,0.4006578243936547,-0.6123331166513871,1.2753345596169388,-1.1461099029422814,0,0,1,0
-0.7524053088724167,-0.4755536884785243,0.4698024723371911,-0.6908717182031652,0.0164805045604098,0,1,0,0
0.997455868094921,0.737662252421413,-0.740627542150033,0.8840996369894685,0.8020145636838499,0,0,1,0
-0.452429107106576,-1.082161658928512,0.8602637673330699,-0.8413466884444997,-0.6747894674682174,0,1,0,0
0.2475153636803477,0.670261366815846,1.228412988329184,-1.1723916229754356,-1.491744888956595,0,1,0,0
0.3475074309356185,1.1420675660547,-0.2218718216555084,-0.159193490017117,1.5247058980774149,0,1,0,0
0.5974875990738095,0.9398649092380372,1.217256951329302,-1.2024866170237023,-1.6017196572338768,0,1,0,0
-1.6023378805422608,-1.4865669725617991,0.06818514034143,-0.1090351666033388,0.0636125481078162,0,0,1,0
0.8474677672120007,0.670261366815846,-1.2705392996444398,0.6834663433343559,0.4406688964870675,0,0,1,0
-1.0023854770106078,-1.4865669725617991,0.46422445383725,-0.6708083888376544,0.2050086787500355,0,1,0,0
-1.5523418469146395,-1.5539678581673662,-0.6402232091510928,0.3323580794379088,0.1892979975675666,0,1,0,0
1.7473963725094943,1.950878193321312,-1.1534009111456762,1.2953978889824496,-0.6590787862857486,0,1,0,0
0.3475074309356185,0.0636533963658965,-1.5494402246414962,1.6665694822444082,-0.1563369884467469,0,1,0,0
1.1474439689778415,1.209468451660267,-0.5342408576522114,0.3423897441206646,1.0533854626033508,0,0,1,0
0.7974717335843795,0.4680587099991834,2.6396516688142886,-1.9347981388648636,1.1005175061507573,0,0,1,0
-1.2023696115211493,-1.082161658928512,0.4865365278370144,-0.7610933709824549,0.3464048093922547,0,1,0,0
1.1974400026054626,0.1984551675769921,-0.3278541731543898,0.5831496965067996,0.2364300411149731,0,1,0,0
-1.252365645148799,-1.0147607733229451,0.0402950478417244,0.0414398036379956,0.3306941282097859,0,1,0,0
-1.2023696115211493,-0.2733510316618617,-1.454613910142497,1.0446062719135587,-1.6645623819637518,1,0,0,0
-1.3523577124040698,-0.8799590021118496,0.0570291033415478,-0.3899217777204962,1.7289447534495093,0,1,0,0
0.997455868094921,0.670261366815846,0.0626071218414889,-0.4802067598652967,1.19478159324557,0,1,0,0
-0.7524053088724167,-0.4755536884785243,0.425178324337662,-0.8212833590789884,-1.334638077131907,0,0,1,0
0.1475232964250769,-0.0711483748452374,-0.8131417826492676,1.61641115883063,-1.507455570139064,0,1,0,0
-0.9523894433829584,-1.4191660869562706,0.4196003058377209,-0.4200167717687635,1.3833097674351955,0,1,0,0
-1.252365645148799,-0.7451572309007539,1.0610724333309502,-1.192454952340947,1.273334999157914,0,1,0,0
0.1975193300526981,-0.4081528028729957,-0.9860603561474424,0.2119781032448416,1.1633602308806323,0,0,1,0
-1.252365645148799,-0.9473598877173782,0.3191959728387807,-0.2896051308929399,-1.2246633088546257,0,1,0,0
0.3475074309356185,0.602860481210279,0.5478947313363668,-0.2795734662101841,0.1107445916552226,0,1,0,0
0.4974955318185388,1.0746666804491714,0.3917102133380153,-0.4200167717687635,0.7548825201364435,0,0,1,0
1.4974162043713033,1.5464728796880252,0.7542814158341884,-1.052011646782368,0.0164805045604098,0,0,1,0
1.2474360362331125,0.3332569387880877,-0.0656873036571569,-0.1190668312860946,0.4406688964870675,0,0,1,0
-1.252365645148799,-1.2843643157451363,-0.3892123766537421,0.4828330496792433,-1.6174303384163455,0,0,1,0
0.8474677672120007,0.737662252421413,0.4419123798374854,-0.3297317896239622,0.1107445916552226,0,0,1,0
2.047372574275335,2.2204817357435416,-0.3278541731543898,-0.159193490017117,-0.5648146991909357,0,0,1,0
-0.5524211743618752,-0.0037474892396704,-0.1047334331567447,-0.4400801011342743,-0.941871047570187,0,0,1,0
0.0975272627974273,-0.1385492604507661,-0.3222761546544486,0.1919147738793301,-0.0306515389869965,0,1,0,0
1.0974479353501918,0.8724640236325086,-0.913546115648208,0.7035296726998674,-0.1563369884467469,0,0,1,0
-0.1024568717131141,-0.4081528028729957,1.183788840329655,-1.3028032638512588,1.0219641002384132,0,0,1,0
0.397503464563268,0.8724640236325086,-0.42825850615333,0.1417564504655519,-0.5176826556435293,0,1,0,0
0.3475074309356185,0.1310542819714251,-1.0641526151466183,1.4859995179548064,-0.9104496852052494,0,1,0,0
-0.2024489389683849,-0.5429545740840913,0.0068269368420777,-0.3297317896239622,1.7760767969969156,0,1,0,0
-0.3024410062236841,-0.4755536884785243,-0.5063507651525058,0.8640363076239577,-1.0047137723000623,0,1,0,0
1.0974479353501918,1.1420675660547,-0.2832300251548608,0.4627697203137324,1.1005175061507573,0,1,0,0
0.5474915654461884,0.9398649092380372,-0.0433752296573924,-0.1290984959688496,-0.8318962792929054,0,1,0,0
-0.8523973761276875,-0.61035545968962,-0.0099071186577456,0.3022630853896422,0.2364300411149731,0,1,0,0
0.1975193300526981,-0.2733510316618617,-0.8912340416484434,1.4559045239065398,0.2207193599325043,0,1,0,0
0.397503464563268,0.1984551675769921,-0.8689219676486789,0.663403013968845,-1.3974808018617824,0,1,0,0
1.2474360362331125,0.9398649092380372,0.7542814158341884,-1.3028032638512588,1.807498159361853,0,1,0,0
-1.2023696115211493,-0.677756345295187,-0.2664959696550374,0.3223264147551537,-1.5860089760514078,0,1,0,0
0.6474836327014591,0.737662252421413,-0.472882654152859,0.0314081389552398,1.3047563615228517,0,1,0,0
0.0475312291698062,-0.205950146056333,-0.9860603561474424,0.9141946310377358,-1.334638077131907,0,1,0,0
-1.852318048680452,-1.958373171800653,1.312083265828301,-1.4131515753615709,0.723461157771506,1,0,0,0
1.1474439689778415,0.8050631380269416,-0.8521879121488555,1.034574607230803,0.0321911857428786,0,1,0,0
-1.0523815106382577,-0.8125581165062826,0.3526640838384274,-0.7911883650307214,-0.7690535545630302,0,0,1,0
2.0973686079029563,2.28788262134907,-0.3166981361545075,0.1417564504655519,-1.1932419464896875,0,1,0,0
1.1474439689778415,1.209468451660267,0.1964795658400759,0.2821997560241306,1.6818127099021027,0,1,0,0
1.3474281034883828,1.4116711084769296,-0.339010210154272,-0.399953442403252,1.3047563615228517,1,0,0,0
1.1974400026054626,1.209468451660267,-1.008372430147207,1.0646696012790704,0.3935368529396611,0,0,1,0
-0.1024568717131141,0.4006578243936547,-0.6458012276510339,0.4627697203137324,0.1264552728376914,1,0,0,0
-0.5524211743618752,0.0636533963658965,-0.3892123766537421,1.3254928830307169,1.273334999157914,0,0,1,0
-1.4023537460317193,-0.9473598877173782,-0.2162938031555673,-0.2896051308929399,0.8334359260487876,0,1,0,0
0.2975113973079973,0.4680587099991834,-0.2107157846556261,0.5329913730930215,1.0533854626033508,1,0,0,0
-0.0524608380854929,-0.5429545740840913,0.4753804908371322,-0.5403967479618307,-0.0463622201694653,0,1,0,0
-1.0023854770106078,-1.5539678581673662,-0.2609179511550963,-0.1290984959688496,1.4775738545300083,0,1,0,0
0.1475232964250769,-0.2733510316618617,-0.7517835791499152,0.4627697203137324,-0.3291544814539037,0,1,0,0
0.1475232964250769,-0.1385492604507661,-0.4951947281526235,1.506062847320318,0.4249582153045987,0,1,0,0
0.5474915654461884,1.5464728796880252,-0.026641174157569,-0.099003501920583,0.3306941282097859,0,1,0,0
-1.4023537460317193,-0.8125581165062826,-0.4896167096526824,0.312294750072398,-0.627657423920811,0,1,0,0
0.9474598344672714,0.5354595956047504,-0.1103114516566859,-0.099003501920583,-0.2820224379064973,0,1,0,0
0.8474677672120007,0.0636533963658965,1.139164692330126,-1.272708269802992,1.603259303989759,0,0,1,0
-0.5024251407342256,0.0636533963658965,-0.5119287836524469,0.2821997560241306,-0.0620729013519341,0,1,0,0
-0.452429107106576,-0.8125581165062826,1.0387603593311858,-1.3429299225822813,1.0062534190559445,0,0,1,0
0.997455868094921,0.2658560531825208,-0.4951947281526235,0.663403013968845,0.8962786507786628,0,1,0,0
-0.0524608380854929,-0.2733510316618617,-0.9749043191475604,0.4427063909482209,-1.3817701206793134,0,0,1,0
0.1475232964250769,1.0072657948436043,0.0068269368420777,0.1517881151483077,0.6763291142240996,0,0,1,0
0.1475232964250769,-0.2733510316618617,-0.0099071186577456,-0.2896051308929399,1.2419136367929764,0,1,0,0
-1.6023378805422608,-1.4191660869562706,-1.493660039642085,2.1480893870166784,0.2678514034799107,0,1,0,0
0.4474994981908892,0.4006578243936547,-0.0043291001578045,-0.3297317896239622,-1.648851700781283,0,1,0,0
-0.7024092752447672,-0.2733510316618617,-0.7908297086495032,1.4157778651755175,-0.9575817287526558,0,0,1,0
-1.3523577124040698,-0.8799590021118496,0.2968838988390162,-0.5604600773273423,0.7863038825013812,0,1,0,0
-0.452429107106576,-1.0147607733229451,-0.4673046356529179,-0.0187501844585382,0.5820650271292868,0,1,0,0
-0.3024410062236841,-0.61035545968962,-0.5509749131520348,1.0044796131825364,0.4092475341221299,0,0,1,0
-1.3023616787764485,-1.3517652013507035,-1.0195284671470892,1.1950812421548933,1.19478159324557,0,1,0,0
0.2975113973079973,1.3442702228713626,0.731969341834424,-1.0620433114651238,0.4092475341221299,0,1,0,0
-1.0023854770106078,-1.6887696293784618,1.367863450827712,-1.2225499463892138,0.8648572884137251,0,0,1,0
0.1475232964250769,-0.4081528028729957,0.9271999893323634,-1.0620433114651238,1.2890456803403827,0,1,0,0
-1.252365645148799,-1.0147607733229451,0.1016532513410768,-0.0889718372378272,-0.9575817287526558,1,0,0,0
-0.5524211743618752,-0.1385492604507661,-0.7127374496503274,1.6364744881961408,-0.3762865250013101,0,1,0,0
-0.6024172079894964,-0.1385492604507661,0.1016532513410768,-0.2795734662101841,0.4878009400344739,0,1,0,0
1.5474122379989528,1.8834773077157831,-0.4115244506535067,0.4126113968999543,0.0164805045604098,0,1,0,0
-1.1023775442658783,-1.8909722861951244,-0.2274498401554495,-0.1892884840653836,1.2576243179754452,0,1,0,0
-0.8523973761276875,-0.3407519172674287,-0.0991554146568036,-0.2896051308929399,-0.3762865250013101,1,0,0,0
0.1475232964250769,-0.205950146056333,-0.4840386911527413,0.1517881151483077,0.4878009400344739,1,0,0,0
0.6974796663290803,0.737662252421413,-0.3724783211539187,0.4527380556309766,0.8020145636838499,0,1,0,0
1.5474122379989528,0.737662252421413,0.3080399358388984,-0.4501117658170301,-1.491744888956595,0,0,1,0
1.1474439689778415,1.1420675660547,0.6092529348357192,-0.7911883650307214,1.3990204486176645,0,1,0,0
-0.7024092752447672,-0.2733510316618617,0.0068269368420777,-0.4200167717687635,-1.6174303384163455,0,1,0,0
0.9474598344672714,0.670261366815846,-0.8633439491487378,0.7436563314308898,0.2050086787500355,0,0,1,0
0.4974955318185388,0.3332569387880877,0.3470860653384863,-0.6808400535204094,-0.4862612932785917,0,1,0,0
-0.2024489389683849,0.5354595956047504,-0.1772476736559794,0.2420730972931082,0.000769823377941,0,1,0,0
1.7473963725094943,1.5464728796880252,-0.0377972111574512,0.1718514445138192,-1.1932419464896875,0,0,1,0
0.0975272627974273,-0.3407519172674287,-0.2441838956552729,-0.7410300416169433,-0.9261603663877184,0,1,0,0
-0.2024489389683849,0.1310542819714251,0.4921145463369555,-0.339763454306718,-1.42890216422672,0,1,0,0
0.997455868094921,0.602860481210279,-0.5175068021523881,0.4025797322171985,-0.6905001486506862,0,1,0,0
-0.9523894433829584,-1.4865669725617991,0.1462773993406058,-0.4701750951825417,0.1735873163850979,0,1,0,0
0.2475153636803477,-0.1385492604507661,-0.7183154681502685,0.4427063909482209,0.0479018669253474,0,0,1,0
-0.9023934097553372,-1.149562544534041,0.8323736748333642,-0.8012200297134773,1.4775738545300083,0,1,0,0
0.3475074309356185,0.602860481210279,-0.3947903951536833,0.1818831091965743,0.0636125481078162,0,0,1,0
0.2975113973079973,-0.3407519172674287,-0.2441838956552729,-0.3497951189894738,-0.4548399309136541,1,0,0,0
0.2975113973079973,1.0746666804491714,0.5088486018367789,-0.8212833590789884,-0.8790283228403118,0,0,1,0
0.5974875990738095,0.4006578243936547,-1.041840541146854,1.205112906837649,-0.6119467427383422,1,0,0,0
0.997455868094921,0.4006578243936547,-0.9916383746473836,0.6734346786516008,1.1633602308806323,0,1,0,0
-0.5024251407342256,0.0636533963658965,0.2299476768397227,0.1919147738793301,-0.8318962792929054,0,1,0,0
-1.3523577124040698,-1.4865669725617991,-0.0043291001578045,0.8038463195274238,0.9905427378734756,0,0,1,0
0.1475232964250769,0.8724640236325086,-0.9023900786483257,1.3856828711272502,0.2678514034799107,0,0,1,0
-1.2023696115211493,-1.8909722861951244,-0.383634358153801,0.2621364266586198,-1.0047137723000623,0,0,1,0
-0.9023934097553372,-0.4081528028729957,-0.5342408576522114,0.5430230377757772,1.2419136367929764,0,1,0,0
-0.7524053088724167,-0.0711483748452374,-0.3166981361545075,0.2119781032448416,-1.4603235265916574,0,1,0,0
-1.252365645148799,-1.082161658928512,0.8156396193335408,-1.192454952340947,-1.4603235265916574,0,0,1,0
-0.0524608380854929,-0.61035545968962,-0.1437795626563326,0.382516402851687,1.2576243179754452,0,0,1,0
-0.7024092752447672,-0.5429545740840913,2.7679460943129346,-2.0451464503751753,-1.0675564970299374,0,1,0,0
1.4474201707436536,0.737662252421413,0.0904972143411945,-0.6106184007411204,-0.1877583508116845,0,1,0,0
0.2475153636803477,-0.4755536884785243,-0.3557442656540954,0.6834663433343559,-0.2191797131766221,0,1,0,0
-0.1524529053407637,-0.61035545968962,0.9829801743317744,-1.2225499463892138,1.3204670427053204,0,1,0,0
-0.2024489389683849,-0.4081528028729957,0.5813628423360135,-0.7109350475686768,0.5820650271292868,0,1,0,0
0.2975113973079973,1.0072657948436043,-1.4323018361427324,2.027709410823611,-1.3189273959494383,1,0,0,0
-0.7524053088724167,-1.3517652013507035,-0.8633439491487378,1.9574877580443213,-1.2717953524020318,0,1,0,0
0.0975272627974273,0.1984551675769921,0.921621970832422,-1.082106640830635,-1.0361351346649998,0,0,1,0
-1.0023854770106078,-1.6213687437728947,1.4124875988272412,-1.403119910678815,0.1735873163850979,0,0,1,0
0.4474994981908892,1.4116711084769296,-0.42825850615333,0.6032130258723112,0.9119893319611316,0,1,0,0
0.8474677672120007,-0.1385492604507661,-0.785251690149562,0.6032130258723112,0.0164805045604098,0,1,0,0
-0.7024092752447672,-0.1385492604507661,0.3247739913387218,-0.4099851070860077,1.6503913475371652,0,1,0,0
1.4974162043713033,0.737662252421413,-0.0768433406570391,0.0715347976862629,1.116228187333226,0,1,0,0
0.1975193300526981,-0.205950146056333,-0.4003684136536244,-0.3096684602584514,0.3621154905747235,0,1,0,0
-0.5524211743618752,-0.9473598877173782,-0.3892123766537421,-0.5805234066928531,-0.2348903943590909,0,0,1,0
0.2475153636803477,0.602860481210279,-0.5119287836524469,0.6533713492860893,0.4563795776695363,1,0,0,0
0.4474994981908892,0.4680587099991834,0.6538770828352481,-0.9316316705893004,1.4461524921650708,1,0,0,0
1.2974320698607618,1.1420675660547,-0.606755098151446,1.1750179127893825,-1.1932419464896875,0,0,1,0
0.2975113973079973,0.4006578243936547,-0.7573615976498564,1.0446062719135587,-0.6905001486506862,0,0,1,0
-0.5024251407342256,-0.4081528028729957,0.8602637673330699,-0.991821658685834,-0.3762865250013101,0,1,0,0
-0.7024092752447672,-0.3407519172674287,0.1518554178405469,-0.1892884840653836,-0.2977331190889661,0,0,1,0
0.4474994981908892,0.3332569387880877,0.1741674918403114,0.011344809589729,-0.4548399309136541,0,1,0,0
-0.452429107106576,-0.8125581165062826,-0.6123331166513871,1.014511277865292,-0.3762865250013101,0,1,0,0
-1.6523339141699105,-1.4191660869562706,1.139164692330126,-1.2125182817064584,-0.8318962792929054,0,1,0,0
-1.252365645148799,-0.4081528028729957,-0.1995597476557439,0.0615031330035071,0.5663543459468179,0,1,0,0
-0.5024251407342256,-0.677756345295187,-0.3892123766537421,0.011344809589729,-1.491744888956595,0,1,0,0
-0.5024251407342256,0.0636533963658965,-0.5286628391522703,0.7737513254791571,0.8334359260487876,0,1,0,0
1.1974400026054626,0.737662252421413,-0.5955990611515638,0.4527380556309766,1.3675990862527267,0,0,1,0
0.0475312291698062,0.8724640236325086,0.6204089718356014,-0.6206500654238761,-1.0989778593948751,0,0,1,0
0.8974638008396503,1.0072657948436043,-0.6848473571506217,0.90416296635498,0.4406688964870675,0,0,1,0
-0.5024251407342256,-0.8799590021118496,-0.2162938031555673,0.0213764742724847,-1.2246633088546257,0,0,1,0
-0.5524211743618752,-0.8799590021118496,0.1853235288401937,-0.5905550713756088,-0.4391292497311854,0,1,0,0
1.797392406137144,1.8160764221102164,-0.7573615976498564,0.6232763552378227,-0.8004749169279678,1,0,0,0
-0.3024410062236841,-0.4755536884785243,-0.8242978196491499,0.663403013968845,1.2104922744280389,0,1,0,0
-1.6523339141699105,-1.4865669725617991,0.3693981393382508,-0.8714416824927665,0.3149834470273171,0,1,0,0
-0.8523973761276875,-0.7451572309007539,0.9439340448321868,-1.272708269802992,0.9748320566910068,0,1,0,0
0.2475153636803477,1.2768693372657955,0.7654374528340707,-0.4802067598652967,-0.1720476696292157,0,0,1,0
-0.4024330734789548,-1.082161658928512,-0.5844430241516816,0.6834663433343559,-1.6645623819637518,0,1,0,0
0.1975193300526981,-0.1385492604507661,-0.7238934866502097,0.7536879961136456,0.4720902588520051,1,0,0,0
1.9973765406476855,1.950878193321312,-1.2593832626445576,1.3957145358100058,1.4775738545300083,0,1,0,0
-0.9523894433829584,-0.9473598877173782,0.06818514034143,0.2821997560241306,-1.6959837443286896,0,0,1,0
0.4474994981908892,1.4116711084769296,-1.0027944116472658,1.1750179127893825,0.5977757083117555,0,1,0,0
-0.0024648044578433,-0.3407519172674287,1.841995023322708,-1.7341648452097511,-0.9261603663877184,0,1,0,0
-1.0023854770106078,-1.3517652013507035,-0.3334321916543309,1.074701265961826,-0.5962360615558734,1,0,0,0
-0.9023934097553372,-1.4865669725617991,-0.913546115648208,0.663403013968845,1.2576243179754452,0,1,0,0
-1.3023616787764485,-1.082161658928512,-0.9358581896479724,1.746822799706453,-0.8790283228403118,0,1,0,0
0.1475232964250769,1.209468451660267,-0.1716696551560383,0.312294750072398,-0.8004749169279678,0,1,0,0
-0.9023934097553372,-0.677756345295187,5.07724575328856,-2.626983001975002,-0.9890030911175934,0,1,0,0
-0.652413241617146,-0.1385492604507661,-0.7629396161497976,1.4358411945410283,0.3149834470273171,0,1,0,0
0.6474836327014591,0.0636533963658965,0.6873451938348949,-0.9015366765410336,-1.114688540577344,0,1,0,0
0.3475074309356185,0.602860481210279,-0.0210631556576279,-0.2896051308929399,0.079323229290285,0,1,0,0
-0.9523894433829584,-0.677756345295187,0.6817671753349538,-0.1792568193826278,-0.4077078873662477,0,0,1,0
-0.1024568717131141,0.8050631380269416,0.9327780078323044,-1.082106640830635,0.6291970706766932,0,0,1,0
-0.1524529053407637,-0.677756345295187,0.5925188793358959,-0.811251694396233,0.7391718389539748,0,0,1,0
0.4474994981908892,1.3442702228713626,-0.5119287836524469,0.1417564504655519,1.3361777238877892,0,0,1,0
-1.5523418469146395,-1.4191660869562706,-0.8577659306487967,0.4828330496792433,0.5663543459468179,0,0,1,0
-0.2024489389683849,-0.5429545740840913,-0.651379246150975,-0.0187501844585382,1.744655434631978,0,1,0,0
1.8973844733924148,1.950878193321312,-0.8968120601483845,0.5630863671412888,1.19478159324557,1,0,0,0
-1.252365645148799,-1.216963430139608,-1.181291003645382,1.6565378175616523,1.273334999157914,0,1,0,0
-0.6024172079894964,-0.205950146056333,-0.4951947281526235,0.312294750072398,-0.706210829833155,0,1,0,0
1.7473963725094943,1.0746666804491714,3.593492832304221,-2.305969732126822,0.0321911857428786,0,1,0,0
-1.252365645148799,-1.216963430139608,0.4753804908371322,-0.9115683412237894,1.2262029556105076,0,0,1,0
-1.3523577124040698,-0.8125581165062826,0.0849191958412534,-0.3899217777204962,-0.5962360615558734,0,1,0,0
-1.6523339141699105,-1.4191660869562706,0.2243696583397816,-0.6607767241548985,-0.9104496852052494,1,0,0,0
0.7974717335843795,0.5354595956047504,-1.3876776881432036,2.539324309644148,-0.706210829833155,0,0,1,0
-1.3023616787764485,-0.677756345295187,-0.1047334331567447,-0.2996367955756956,0.6134863894942243,0,0,1,0
-0.4024330734789548,-1.0147607733229451,-0.562130950151917,0.663403013968845,-0.706210829833155,0,1,0,0
-1.3523577124040698,-1.0147607733229451,-0.1382015441563915,0.4527380556309766,1.0848068249682885,0,1,0,0
2.0973686079029563,2.2204817357435416,-0.4171024691534478,0.5931813611895553,-0.941871047570187,0,1,0,0
-1.3023616787764485,-1.149562544534041,-0.7071594311503863,0.2019464385620858,0.0479018669253474,0,1,0,0
1.8973844733924148,2.085679964532446,-0.0879993776569214,-0.0187501844585382,0.6606184330416307,0,1,0,0
1.2474360362331125,0.1984551675769921,-0.5175068021523881,0.4025797322171985,0.5977757083117555,0,1,0,0
0.397503464563268,0.3332569387880877,-1.1645569481455584,1.9073294346305432,1.2890456803403827,0,0,1,0
-1.7023299477975316,-1.6213687437728947,0.0179829738419599,-0.2595101368446733,-0.313443800271435,0,1,0,0
-0.5024251407342256,0.0636533963658965,0.6985012308347772,-1.0319483174168569,-0.2977331190889661,0,1,0,0
-1.252365645148799,-1.0147607733229451,0.8491077303331875,-0.6908717182031652,-1.5545876136864702,0,1,0,0
-1.0523815106382577,-1.0147607733229451,-0.1103114516566859,-0.570491742010098,-0.7376321921980926,0,1,0,0
-0.9523894433829584,-0.8125581165062826,-0.5955990611515638,0.3423897441206646,-0.627657423920811,0,1,0,0
-0.652413241617146,0.1310542819714251,0.330352009838663,-0.6708083888376544,-1.1303992217598129,0,0,1,0
-0.0024648044578433,0.1310542819714251,-0.8131417826492676,1.1248595893756042,1.2890456803403827,0,0,1,0
2.0973686079029563,2.28788262134907,-0.7127374496503274,1.4859995179548064,-1.0047137723000623,0,0,1,0
1.1474439689778415,1.3442702228713626,-1.0306845041469714,1.2251762362031606,0.8962786507786628,0,1,0,0
-0.5524211743618752,-0.61035545968962,7.375389375264303,-3.54989615278852,0.5506436647643491,0,1,0,1
-0.5524211743618752,-0.677756345295187,-0.7183154681502685,2.5794509683751707,1.3047563615228517,0,1,0,1
-0.6024172079894964,-0.7451572309007539,-0.4673046356529179,0.1317247857827961,1.5718379416248212,0,1,0,1
-0.8024013425000663,-1.216963430139608,-1.4323018361427324,2.077867734237389,1.6975233910845715,0,1,0,1
-0.8523973761276875,-1.2843643157451363,-0.7071594311503863,1.2352079008859156,1.7289447534495093,0,1,0,1
-0.8024013425000663,-1.149562544534041,-0.5900210426516227,2.2383743691614786,-1.3817701206793134,0,1,0,1
-0.9023934097553372,-1.0147607733229451,6.354611989775078,-2.937964607140427,-0.3448651626363725,0,0,1,1
-0.8024013425000663,-0.8799590021118496,-0.6569572646509162,2.077867734237389,0.1735873163850979,0,0,1,1
-1.0023854770106078,-1.216963430139608,-1.0641526151466183,1.8872661052650317,1.4775738545300083,0,1,0,1
-1.0023854770106078,-1.149562544534041,-0.9860603561474424,1.686632811609919,1.6975233910845715,0,1,0,1
-1.0023854770106078,-1.149562544534041,-0.7462055606499741,1.626442823513386,1.7289447534495093,0,1,0,1
-0.9523894433829584,-1.216963430139608,-0.6625352831508573,2.398881004085569,-1.3974808018617824,0,0,1,1
-1.1523735778935282,-1.0147607733229451,-0.9247021526480902,1.676601146927164,1.493284535712477,0,1,0,1
-1.252365645148799,-1.149562544534041,5.7187178807817896,-2.7272996488025583,0.2992727658448483,0,1,0,1
-1.3023616787764485,-1.0147607733229451,-0.7796736716496209,2.158121051699434,-0.7376321921980926,0,1,0,1
-1.3023616787764485,-0.8799590021118496,7.447903615763538,-3.5900228115195425,0.1578766352026291,0,1,0,1
-1.2023696115211493,-0.2733510316618617,-0.2107157846556261,0.9844162838170248,1.7917874781793846,0,1,0,1
-1.0523815106382577,-0.1385492604507661,-1.1310888371459118,3.171319184657752,-1.2089526276721567,0,1,0,1
-1.6023378805422608,-1.2843643157451363,-1.3932557066431446,2.208279375113212,1.430441810982602,0,1,0,1
-1.8023220150528307,-1.7561705149840288,7.219204857265952,-3.4495795059609637,1.6503913475371652,0,1,0,1
-2.1022982168186433,-2.4975802566450738,-1.6944687056399654,3.632775760064512,-0.2977331190889661,0,0,1,1
-2.1522942504462925,-2.564981142250641,4.078780441799099,-2.546729684512957,0.6449077518591619,0,1,0,1
-2.202290284073914,-2.6323820278561696,-0.9302801711480312,1.566252835416852,1.6818127099021027,0,1,0,1
-1.852318048680452,-1.8909722861951244,-1.225915151644911,2.840274250126817,-1.3189273959494383,0,0,1,1
-1.50234581328699,-1.4865669725617991,-0.8577659306487967,1.646506152878897,1.4775738545300083,0,1,0,1
-1.5523418469146395,-1.4865669725617991,0.0570291033415478,-0.4200167717687635,1.5404165792598836,1,0,0,1
-1.5523418469146395,-1.6887696293784618,6.594466785272546,-3.0784079126990056,-1.4131914830442511,0,1,0,1
-1.7023299477975316,-1.5539678581673662,-0.8521879121488555,2.2383743691614786,-0.1249156260818093,1,0,0,1
-1.6523339141699105,-1.4865669725617991,-1.5661742801413194,2.9104959029061064,-0.0463622201694653,0,0,1,1
-1.50234581328699,-1.4191660869562706,-1.3542095771435567,2.9205275675888616,0.7077504765890371,0,1,0,1
-1.50234581328699,-1.4865669725617991,-1.2426492071447344,2.128026057651167,1.4461524921650708,0,1,0,1
-1.5523418469146395,-1.4865669725617991,-0.7740956531496798,1.7167278056581865,1.4775738545300083,0,1,0,1
-1.50234581328699,-1.2843643157451363,-0.9860603561474424,1.255271230251427,1.6503913475371652,0,1,0,1
-0.8024013425000663,-0.3407519172674287,3.426152277305987,-2.4765080317336676,-0.1563369884467469,0,1,0,1
-0.6024172079894964,0.0636533963658965,-1.6498445576404364,3.4622374604576662,1.351888405070258,0,0,1,1
-0.5024251407342256,0.2658560531825208,-0.9693263006476192,0.9141946310377358,1.8546302029092596,0,1,0,1
-0.5024251407342256,0.2658560531825208,-0.9358581896479724,1.3856828711272502,1.8860515652741972,0,1,0,1
-0.5524211743618752,0.1310542819714251,6.683715081271604,-3.1285662361127837,0.5349329835818804,0,1,0,1
-0.652413241617146,-0.1385492604507661,-1.0306845041469714,1.3355245477134718,1.6346806663546964,0,1,0,1
-0.6024172079894964,-0.0711483748452374,-0.556552931651976,0.5229597084102664,-1.0675564970299374,1,0,0,1
-1.0023854770106078,-0.8799590021118496,-0.3334321916543309,1.857171111216765,1.0690961437858195,0,0,1,1
-1.0023854770106078,-0.8799590021118496,-1.5103940951419084,2.9506225616371293,1.273334999157914,0,1,0,1
-1.0023854770106078,-1.0147607733229451,-0.6123331166513871,-0.2294151427964059,1.7603661158144468,0,1,0,1
-0.9023934097553372,-1.082161658928512,-1.276117318144381,2.107962728285656,1.273334999157914,0,1,0,1
-1.0023854770106078,-1.216963430139608,-0.9693263006476192,1.2953978889824496,1.7289447534495093,0,1,0,1
-1.0523815106382577,-1.7561705149840288,0.3638201208383097,-0.3899217777204962,1.8389195217267909,1,0,0,1
-0.9023934097553372,-1.6213687437728947,-0.1549355996562149,-0.9015366765410336,1.58754862280729,0,1,0,1
-0.8523973761276875,-1.3517652013507035,7.514839837762832,-3.6301494702505654,-0.8004749169279678,0,1,0,1
-0.9023934097553372,-1.4191660869562706,-1.2593832626445576,2.7399576032992603,-0.6433681051032798,0,1,0,1
-0.9523894433829584,-1.5539678581673662,5.735451936281613,-2.7272996488025583,0.2678514034799107,0,1,0,1
-1.1023775442658783,-1.8235714005895576,-1.181291003645382,2.107962728285656,1.2262029556105076,0,1,0,1
-0.8024013425000663,-1.3517652013507035,-0.6848473571506217,-0.1792568193826278,1.4147311298001333,0,0,1,1
-0.7524053088724167,-1.216963430139608,-1.326319484643851,2.639640956471704,-1.0361351346649998,0,1,0,1
-0.2524449725960345,-0.4081528028729957,-0.829875838149091,1.8872661052650317,1.3675990862527267,0,1,0,1
-0.3524370398513052,-0.7451572309007539,-1.5661742801413194,2.9506225616371293,0.1735873163850979,0,1,0,1
-0.2024489389683849,-0.5429545740840913,1.8308389863228256,-1.6639431924304615,1.8389195217267909,0,0,1,1
-0.2524449725960345,-0.8799590021118496,5.635047603282673,-2.707236319437047,1.116228187333226,0,1,0,1
-0.3524370398513052,-1.082161658928512,0.0179829738419599,-0.2494784721619175,1.493284535712477,0,0,1,1
-0.3024410062236841,-0.8799590021118496,-0.5175068021523881,2.298564357258013,0.4092475341221299,0,1,0,1
-0.3524370398513052,-0.9473598877173782,-0.8633439491487378,1.3656195417617392,1.7289447534495093,0,1,0,1
-0.4024330734789548,-1.0147607733229451,-0.8968120601483845,1.0446062719135587,1.7603661158144468,0,1,0,1
-0.5524211743618752,-1.216963430139608,-0.9302801711480312,2.368786010037302,-1.2246633088546257,0,0,1,1
-0.4024330734789548,-0.9473598877173782,-1.5159721136418494,2.830242585444062,-0.5019719744610606,0,1,0,1
-0.452429107106576,-0.8125581165062826,-1.1701349666454997,1.3656195417617392,1.5561272604423524,0,1,0,1
-0.4024330734789548,-0.677756345295187,-0.1326235256564504,0.8941313016722243,1.8860515652741972,0,1,0,1
-0.4024330734789548,-0.61035545968962,-1.0808866706464415,2.077867734237389,1.3047563615228517,0,1,0,1
-0.452429107106576,-0.8125581165062826,-1.2203371331449695,2.760020932664772,-1.3817701206793134,0,1,0,1
-0.1524529053407637,-0.4755536884785243,-0.7796736716496209,0.1919147738793301,1.7760767969969156,0,0,1,1
-0.1524529053407637,-0.5429545740840913,0.8156396193335408,-1.112201634878902,1.116228187333226,0,0,1,1
-0.1024568717131141,-0.4755536884785243,-1.3374755216437333,2.519260980278636,1.6346806663546964,0,1,0,1
0.2475153636803477,-0.4755536884785243,-0.6792693386506806,1.1549545834238708,1.9331836088216037,0,1,0,1
0.2975113973079973,-0.4081528028729957,-0.8856560231485022,0.7637196607964014,2.1688438265586356,1,0,0,1
0.2975113973079973,-0.4081528028729957,-0.9581702636477368,2.32865935130628,-0.9890030911175934,0,0,1,1
0.3475074309356185,-0.2733510316618617,2.550403372815231,-2.025083121009664,1.493284535712477,0,0,1,1
0.2475153636803477,-0.1385492604507661,-1.1980250591452053,3.29169916085082,0.8020145636838499,1,0,0,1
0.2475153636803477,-0.1385492604507661,-0.8912340416484434,1.4258095298582731,1.5561272604423524,0,1,0,1
0.1975193300526981,-0.0711483748452374,5.713139862281849,-2.7272996488025583,-0.4234185685487165,1,0,0,1
0.397503464563268,-0.4081528028729957,-1.097620726146265,2.2484060338442347,0.079323229290285,0,0,1,1
0.6474836327014591,0.0636533963658965,-1.5048160766419671,1.686632811609919,1.3675990862527267,0,1,0,1
0.6974796663290803,0.5354595956047504,-1.4155677806429092,2.268469363209746,1.179070912063101,0,1,0,1
0.7974717335843795,0.5354595956047504,-1.0251064856470304,1.7869494584374754,1.3675990862527267,0,1,0,1
0.7474756999567299,0.602860481210279,6.81200950677025,-3.2088195535748287,-1.4603235265916574,0,1,0,1
0.7474756999567299,0.2658560531825208,6.137069268277374,-2.8075529662646037,-1.3660594394968446,0,0,1,1
0.997455868094921,0.602860481210279,-0.8968120601483845,1.315461218347961,1.6346806663546964,0,1,0,1
0.9474598344672714,0.602860481210279,0.1574334363404881,-0.099003501920583,1.666102028719634,0,1,0,1
0.8974638008396503,0.4006578243936547,6.321143878775431,-2.8276162956301145,0.2521407222974419,0,1,0,1
0.8474677672120007,0.602860481210279,-0.7462055606499741,0.6433396846033335,1.5561272604423524,0,1,0,1
0.997455868094921,0.8050631380269416,-1.499238058142026,2.539324309644148,1.1633602308806323,0,1,0,1
1.0974479353501918,0.8724640236325086,-0.0489532481573335,-0.269541801527429,1.5561272604423524,0,1,0,1
1.1474439689778415,0.602860481210279,-0.9023900786483257,0.6834663433343559,0.9119893319611316,0,1,0,1
1.1474439689778415,0.5354595956047504,-0.9023900786483257,0.7336246667481341,-1.3503487583143758,0,1,0,1
1.1474439689778415,0.602860481210279,-0.8912340416484434,0.9342579604032468,-1.1618205841247502,0,1,0,1
1.1474439689778415,0.602860481210279,-0.9972163931473248,0.4025797322171985,-0.6433681051032798,0,0,1,1
1.0474519017225707,0.4006578243936547,-1.186869022145323,1.917361099313299,-0.313443800271435,0,0,1,1
1.1474439689778415,0.602860481210279,-0.963748282147678,0.8439729782584461,0.3464048093922547,1,0,0,1
1.1974400026054626,0.670261366815846,-1.1199328001460296,2.7700525973475267,1.351888405070258,0,1,0,1
1.2974320698607618,1.0072657948436043,0.5032705833368378,-0.5604600773273423,1.8860515652741972,1,0,0,1
1.3474281034883828,1.0746666804491714,6.5275305632732525,-3.038281253967983,-1.6645623819637518,0,0,1,1
1.2974320698607618,1.0072657948436043,-0.5398188761521525,1.987582752092588,0.959121375508538,0,1,0,1
1.2974320698607618,1.0746666804491714,-1.7390928536394945,2.830242585444062,1.2419136367929764,0,0,1,1
1.1474439689778415,0.9398649092380372,-1.1478228926457352,2.679767615202727,1.5247058980774149,0,1,0,1
1.0474519017225707,0.8050631380269416,-0.472882654152859,1.9273927639960544,0.7077504765890371,0,1,0,1
1.0474519017225707,0.670261366815846,-1.0474185596467949,2.037741075506366,1.5561272604423524,0,0,1,1
0.997455868094921,0.5354595956047504,-0.8689219676486789,1.034574607230803,1.9331836088216037,0,1,0,1
0.997455868094921,0.5354595956047504,0.425178324337662,-1.1021699701961465,1.996026333551479,0,1,0,1
0.9474598344672714,0.602860481210279,-0.6681133016507984,0.7737513254791571,-1.3817701206793134,0,0,1,1
0.9474598344672714,0.670261366815846,6.427126230274313,-2.7975213015818476,-1.2089526276721567,0,1,0,1
0.9474598344672714,0.4006578243936547,-1.1589789296456174,2.870369244175083,-0.3605758438188413,0,1,0,1
1.0474519017225707,0.4680587099991834,-1.365365614143439,2.2484060338442347,-0.1092049448993405,1,0,0,1
0.997455868094921,0.2658560531825208,-1.0139504486471482,1.807012787802987,0.000769823377941,0,1,0,1
0.997455868094921,0.2658560531825208,-1.1310888371459118,1.8270761171684984,0.0321911857428786,0,1,0,1
0.9474598344672714,0.2658560531825208,-0.9079680971482668,1.496031182637562,0.2835620846623795,0,1,0,1
0.9474598344672714,0.2658560531825208,-0.9414362081479136,1.1750179127893825,0.7077504765890371,0,1,0,1
0.9474598344672714,0.3332569387880877,-1.1087767631461474,1.5762845000996075,1.508995216894946,0,1,0,1
1.0474519017225707,0.4680587099991834,-1.192447040645264,0.5129280437275106,1.5718379416248212,0,1,0,1
1.0474519017225707,0.4680587099991834,-0.9079680971482668,0.6333080199205777,1.603259303989759,0,0,1,1
1.0474519017225707,0.4680587099991834,-0.9749043191475604,0.7837829901619122,1.6503913475371652,0,0,1,1
0.9474598344672714,0.2658560531825208,-1.409989762142968,2.2885326925752567,-1.3503487583143758,0,1,0,1
0.8474677672120007,0.1310542819714251,-1.2705392996444398,1.746822799706453,-1.0675564970299374,0,1,0,1
0.8474677672120007,0.1310542819714251,-1.1589789296456174,2.128026057651167,-0.9575817287526558,0,1,0,1
0.9474598344672714,0.2658560531825208,-0.9247021526480902,0.8038463195274238,-0.549104018008467,0,0,1,1
0.997455868094921,0.2658560531825208,-1.8227631311386112,1.566252835416852,-0.4548399309136541,0,0,1,1
0.997455868094921,0.3332569387880877,-0.9414362081479136,0.4427063909482209,-0.3605758438188413,0,1,0,1
0.997455868094921,0.3332569387880877,-1.5382841876416138,2.0678360695546334,-0.2820224379064973,0,1,0,1
1.0974479353501918,0.4006578243936547,-1.0753086521465005,0.7536879961136456,0.0164805045604098,0,1,0,1
1.0974479353501918,0.4006578243936547,-1.0251064856470304,1.1549545834238708,0.2835620846623795,0,0,1,1
1.0974479353501918,0.4006578243936547,-1.0753086521465005,0.9242262957204916,0.4092475341221299,0,0,1,1
1.1974400026054626,0.602860481210279,-1.058574596646677,0.6132446905550669,0.6291970706766932,0,1,0,1
1.1974400026054626,0.4680587099991834,-0.9860603561474424,1.4859995179548064,0.7391718389539748,0,1,0,1
1.0974479353501918,0.4006578243936547,-1.142244874145794,1.3254928830307169,0.8020145636838499,0,1,0,1
1.0974479353501918,0.4006578243936547,-1.0641526151466183,0.8439729782584461,0.8334359260487876,0,1,0,1
1.1474439689778415,0.602860481210279,0.9550900818320688,-0.9617266646375676,1.7289447534495093,0,0,1,1
1.0474519017225707,0.4680587099991834,-1.2538052441446166,1.2853662242996935,-1.570298294868939,0,1,0,1
1.0474519017225707,0.4680587099991834,-1.0027944116472658,0.9342579604032468,-1.0518458158474686,0,1,0,1
1.2974320698607618,0.670261366815846,-0.9470142266478546,2.0076460814580996,-0.2348903943590909,0,1,0,1
1.2474360362331125,0.602860481210279,-1.1645569481455584,1.6966644762926748,-0.1720476696292157,0,1,0,1
1.2474360362331125,0.602860481210279,-1.0195284671470892,1.556221170734096,-0.1092049448993405,1,0,0,1
1.2974320698607618,0.670261366815846,-1.1701349666454997,0.8640363076239577,0.0479018669253474,0,0,1,1
1.2974320698607618,0.670261366815846,-1.4211457991428502,2.81017925607855,0.0950339104727538,0,1,0,1
1.3474281034883828,0.737662252421413,-1.3486315586436155,2.077867734237389,0.2678514034799107,0,0,1,1
1.2974320698607618,0.602860481210279,-1.1589789296456174,1.205112906837649,0.723461157771506,0,1,0,1
0.997455868094921,0.0636533963658965,-0.9916383746473836,0.5430230377757772,1.037674781420882,0,1,0,1
0.9474598344672714,-0.0711483748452374,-0.919124134148149,0.8540046429412019,1.1319388685156948,0,1,0,1
0.8974638008396503,-0.0711483748452374,-1.142244874145794,2.107962728285656,1.1633602308806323,0,0,1,1
0.8474677672120007,-0.0711483748452374,-1.2370711886447932,0.90416296635498,1.2419136367929764,0,1,0,1
0.8974638008396503,0.0636533963658965,4.647738328793094,-2.616951337292247,1.5247058980774149,0,0,1,1
0.8974638008396503,0.1310542819714251,7.174580709266423,-3.429516176595453,1.6818127099021027,0,1,0,1
0.6974796663290803,-0.0711483748452374,-1.5605962616413784,2.398881004085569,-1.3817701206793134,0,1,0,1
0.8974638008396503,0.1984551675769921,-1.1031987446462062,1.0546379365963146,-0.6905001486506862,0,1,0,1
0.7974717335843795,0.0636533963658965,-0.9860603561474424,1.5863161647823627,-0.5962360615558734,0,1,0,1
0.7974717335843795,0.0636533963658965,-1.186869022145323,0.8239096488929353,-0.4862612932785917,0,1,0,1
0.8474677672120007,-0.1385492604507661,-1.4211457991428502,2.830242585444062,0.0479018669253474,0,0,1,1
0.997455868094921,-0.205950146056333,-0.8521879121488555,2.278501027892502,0.5349329835818804,0,0,1,1
0.997455868094921,-0.1385492604507661,-1.4434578731426149,1.736791135023697,0.6134863894942243,1,0,0,1
1.0474519017225707,0.0636533963658965,-0.8912340416484434,0.8239096488929353,0.9119893319611316,0,0,1,1
0.997455868094921,-0.0711483748452374,-1.2872733551442632,1.7668861290719644,1.3990204486176645,0,1,0,1
0.8474677672120007,-0.3407519172674287,-1.3430535401436745,2.559387639009659,1.901762246456666,0,1,0,1
0.8974638008396503,-0.205950146056333,-0.5398188761521525,0.5329913730930215,1.9646049711865412,0,1,0,1
1.0474519017225707,-0.0037474892396704,-1.0251064856470304,0.5129280437275106,-1.6017196572338768,0,0,1,1
1.0974479353501918,0.0636533963658965,-0.9525922451477956,1.1649862481066269,-1.507455570139064,0,0,1,1
1.1474439689778415,0.0636533963658965,-1.0362625226469129,1.0947645953273368,-1.1303992217598129,0,1,0,1
1.1974400026054626,0.1310542819714251,-1.1589789296456174,0.5530547024585329,-0.863317641657843,0,1,0,1
1.2474360362331125,0.1984551675769921,-1.186869022145323,1.857171111216765,-0.8318962792929054,0,1,0,1
1.1974400026054626,0.0636533963658965,-1.008372430147207,1.4659361885892956,-0.7376321921980926,0,0,1,1
1.2974320698607618,0.2658560531825208,-0.9693263006476192,2.689799279885482,-0.4391292497311854,0,1,0,1
1.2974320698607618,0.1310542819714251,6.343455952775195,-2.927932942457671,-0.3762865250013101,0,0,1,1
1.2974320698607618,0.1310542819714251,-1.192447040645264,2.2484060338442347,-0.2506010755415597,0,1,0,1
1.1974400026054626,0.0636533963658965,-0.8912340416484434,0.8941313016722243,-0.0149408578045277,0,0,1,1
1.1474439689778415,0.0636533963658965,-1.2147591146450287,1.2753345596169388,0.4092475341221299,0,1,0,1
1.2474360362331125,0.1310542819714251,-1.1701349666454997,1.0646696012790704,0.6291970706766932,0,1,0,1
1.1974400026054626,0.1984551675769921,-0.919124134148149,1.1248595893756042,0.8648572884137251,0,1,0,1
1.1974400026054626,0.1984551675769921,-0.8968120601483845,1.4358411945410283,0.8962786507786628,0,0,1,1
1.3474281034883828,0.3332569387880877,-1.5382841876416138,2.7901159267130384,1.3990204486176645,0,1,0,1
1.3474281034883828,0.3332569387880877,-0.5175068021523881,0.0915981270517738,1.6189699851722277,0,1,0,1
1.3474281034883828,0.3332569387880877,-1.0474185596467949,0.1818831091965743,-1.5388769325040017,0,1,0,1
1.3474281034883828,0.2658560531825208,-1.3040074106440869,1.5261261766858294,-1.3817701206793134,1,0,0,1
1.2974320698607618,0.2658560531825208,-1.0027944116472658,1.726759470340942,-0.6433681051032798,0,1,0,1
1.2474360362331125,0.1310542819714251,-1.2928513736442044,1.4057462004927617,-0.3448651626363725,0,1,0,1
1.1974400026054626,0.1310542819714251,-1.0753086521465005,2.2484060338442347,-0.0306515389869965,0,1,0,1
1.1974400026054626,0.3332569387880877,-0.9302801711480312,0.5731180318240445,0.5663543459468179,0,0,1,1
1.1974400026054626,0.1984551675769921,-0.913546115648208,1.255271230251427,0.8334359260487876,0,0,1,1
1.1974400026054626,0.1310542819714251,-1.0474185596467949,0.5129280437275106,0.9434106943260692,0,1,0,1
1.2474360362331125,0.2658560531825208,-1.058574596646677,1.5160945120030738,1.2419136367929764,0,1,0,1
1.3474281034883828,0.4006578243936547,-1.058574596646677,1.1248595893756042,-1.6017196572338768,0,0,1,1
1.3474281034883828,0.4680587099991834,-0.9470142266478546,0.7536879961136456,-1.5231662513215327,0,1,0,1
1.3474281034883828,0.5354595956047504,-1.4713479656423205,1.506062847320318,-1.3032167147669695,1,0,0,1
1.3974241371160323,0.602860481210279,-1.2649612811444988,1.2251762362031606,-1.0675564970299374,0,1,0,1
1.4974162043713033,0.8050631380269416,-0.919124134148149,0.8239096488929353,-0.6747894674682174,0,1,0,1
1.4974162043713033,0.8050631380269416,-0.9916383746473836,0.7637196607964014,-0.0306515389869965,0,1,0,1
1.4974162043713033,0.670261366815846,-1.0027944116472658,0.42264306158271,0.1107445916552226,0,1,0,1
1.4974162043713033,0.737662252421413,-0.9302801711480312,1.4358411945410283,0.1421659540201603,0,0,1,1
1.4974162043713033,0.8724640236325086,-0.9693263006476192,1.626442823513386,0.5977757083117555,0,1,0,1
1.4974162043713033,0.8724640236325086,-1.1366668556458528,1.3656195417617392,0.880567969596194,0,0,1,1
1.5474122379989528,0.8724640236325086,-1.1310888371459118,1.265302894934183,1.0062534190559445,0,1,0,1
1.4974162043713033,0.8050631380269416,-1.1031987446462062,1.104796260010093,1.037674781420882,0,1,0,1
1.4474201707436536,0.8050631380269416,-1.1645569481455584,1.375651206444495,1.4461524921650708,0,0,1,1
1.597408271626574,0.9398649092380372,-1.677734650140142,1.4659361885892956,1.8546302029092596,0,1,0,1
1.597408271626574,0.9398649092380372,-1.1980250591452053,1.4258095298582731,1.8860515652741972,0,1,0,1
1.6474043052542235,0.9398649092380372,-0.2330278586553906,0.6032130258723112,1.98031565236901,0,1,0,1
1.597408271626574,0.9398649092380372,-1.058574596646677,1.1148279246928483,-1.5545876136864702,0,1,0,1
1.6474043052542235,0.8724640236325086,-1.052996578146736,0.8138779842101795,-1.1932419464896875,0,1,0,1
1.6974003388818448,0.9398649092380372,-1.2928513736442044,1.4057462004927617,-1.0047137723000623,0,0,1,1
1.6474043052542235,1.0072657948436043,-0.9247021526480902,0.7336246667481341,-0.7533428733805614,0,0,1,1
1.797392406137144,1.209468451660267,-0.6569572646509162,0.4828330496792433,-0.1092049448993405,0,0,1,1
1.797392406137144,1.209468451660267,-1.7669829461392,2.689799279885482,0.6291970706766932,0,1,0,1
1.6474043052542235,1.0746666804491714,-1.1255108186459706,1.686632811609919,1.2419136367929764,0,1,0,1
1.6974003388818448,1.1420675660547,-1.0362625226469129,0.4126113968999543,1.3204670427053204,0,0,1,1
1.6974003388818448,1.209468451660267,-0.963748282147678,1.0947645953273368,1.4461524921650708,0,1,0,1
1.6974003388818448,1.209468451660267,-1.1031987446462062,0.7035296726998674,1.603259303989759,0,0,1,1
1.6974003388818448,1.209468451660267,-1.2984293921441454,2.107962728285656,1.6818127099021027,0,1,0,1
1.6474043052542235,1.0746666804491714,-1.326319484643851,0.5129280437275106,1.744655434631978,0,1,0,1
1.597408271626574,1.0072657948436043,-1.1310888371459118,1.8270761171684984,-1.6645623819637518,0,0,1,1
1.597408271626574,0.9398649092380372,-1.0474185596467949,1.3856828711272502,-1.570298294868939,0,1,0,1
1.597408271626574,0.8050631380269416,-0.9804823376475014,0.6734346786516008,-1.2403739900370945,0,1,0,1
1.6974003388818448,1.1420675660547,-1.359787595643498,1.1348912540583591,-0.8947390040227806,0,1,0,1
1.7473963725094943,1.0746666804491714,-0.9916383746473836,0.6533713492860893,-0.7219215110156237,0,1,0,1
1.847388439764765,1.2768693372657955,-1.1534009111456762,1.2753345596169388,-0.6590787862857486,1,0,0,1
1.847388439764765,1.3442702228713626,6.270941712275961,-2.8677429543611375,-0.5805253803734046,0,0,1,1
1.797392406137144,1.3442702228713626,-1.2816953366443222,1.2953978889824496,-0.3448651626363725,0,1,0,1
1.7473963725094943,1.2768693372657955,-1.0864646891463827,0.9342579604032468,-0.2348903943590909,0,1,0,1
1.797392406137144,1.4790719940824582,-0.9358581896479724,1.4659361885892956,0.0636125481078162,1,0,0,1
1.6974003388818448,1.209468451660267,-0.7685176346497387,1.3054295536652054,1.5718379416248212,0,1,0,1
1.6974003388818448,1.3442702228713626,-0.0991554146568036,-0.4099851070860077,1.6818127099021027,0,1,0,1
1.7473963725094943,1.3442702228713626,-0.963748282147678,1.4559045239065398,-1.2246633088546257,0,1,0,1
1.6974003388818448,1.2768693372657955,-0.9023900786483257,0.1618197798310635,-1.1618205841247502,0,1,0,1
1.6474043052542235,1.209468451660267,-1.2482272256446754,2.208279375113212,-1.0361351346649998,0,1,0,1
1.6974003388818448,1.2768693372657955,-1.3430535401436745,2.398881004085569,-0.7690535545630302,0,1,0,1
1.6974003388818448,1.209468451660267,-1.2426492071447344,1.0947645953273368,-0.6119467427383422,0,0,1,1
1.847388439764765,1.4116711084769296,-0.9804823376475014,1.1850495774721377,-0.2820224379064973,0,1,0,1
1.6974003388818448,1.4790719940824582,-1.1255108186459706,2.9506225616371293,-0.8790283228403118,0,1,0,1
1.7473963725094943,1.6138737652935538,-1.4211457991428502,3.071002537830196,-0.2191797131766221,0,1,0,1
1.847388439764765,1.8160764221102164,-1.0027944116472658,1.686632811609919,1.351888405070258,0,1,0,1
1.8973844733924148,2.085679964532446,-1.577330317141202,1.8772344405822765,1.6503913475371652,0,1,0,1
1.8973844733924148,2.085679964532446,5.344990641285734,-2.707236319437047,-1.6174303384163455,0,1,0,1
1.797392406137144,1.8834773077157831,6.2486296382761966,-2.8677429543611375,-1.2875060335845006,0,0,1,1
1.9973765406476855,2.153080850137975,-1.493660039642085,2.870369244175083,0.8334359260487876,1,0,0,1
1.9973765406476855,1.950878193321312,-0.9804823376475014,2.2584376985269903,1.4461524921650708,0,1,0,1
2.197360675158227,2.4900852781657328,-0.1660916366560971,-0.5002700892308083,1.5247058980774149,0,1,0,1
1.8973844733924148,2.018279078926879,-0.9693263006476192,1.997614416775344,1.5247058980774149,0,1,0,1
1.947380507020036,2.153080850137975,-0.651379246150975,0.8038463195274238,1.6818127099021027,0,0,1,1
1.6974003388818448,1.7486755365046878,6.5107965077734296,-3.0282495892852275,-0.6747894674682174,0,0,1,1
1.3974241371160323,1.5464728796880252,-1.543862206141555,3.0609708731474408,1.98031565236901,0,0,1,1
1.3974241371160323,1.6138737652935538,-0.7127374496503274,1.3856828711272502,2.1688438265586356,1,0,0,1
1.3474281034883828,1.6138737652935538,-0.3445882286542132,0.6333080199205777,2.2473972324709797,0,1,0,1
1.2974320698607618,1.5464728796880252,-0.472882654152859,1.4859995179548064,2.278818594835917,0,0,1,1
1.3474281034883828,1.4790719940824582,-0.4951947281526235,1.2151445715204048,1.6503913475371652,0,1,0,1
1.2974320698607618,1.4116711084769296,-1.3988337251430858,2.8603375794923283,-1.6959837443286896,0,1,0,1
1.1474439689778415,1.209468451660267,-0.9804823376475014,1.4057462004927617,0.1735873163850979,0,0,1,1
1.4974162043713033,1.4790719940824582,-1.5717522986412606,3.1412241906094858,0.2207193599325043,0,0,1,1
1.5474122379989528,1.6138737652935538,-0.7517835791499152,2.158121051699434,0.2992727658448483,0,1,0,1
1.1974400026054626,1.2768693372657955,-1.3876776881432036,3.010812549733662,0.4878009400344739,0,1,0,1
1.1474439689778415,1.209468451660267,-0.9470142266478546,1.626442823513386,1.5718379416248212,0,1,0,1
0.3475074309356185,0.1310542819714251,-0.9749043191475604,2.539324309644148,1.5718379416248212,1,0,0,1
0.2975113973079973,0.4680587099991834,-0.562130950151917,0.8540046429412019,-0.470550612096123,0,1,0,1
0.1975193300526981,0.1310542819714251,0.7375473603343651,-0.9516949999548118,1.98031565236901,0,0,1,1
0.3475074309356185,0.602860481210279,-1.0195284671470892,2.539324309644148,-0.6590787862857486,0,1,0,1
0.397503464563268,0.4680587099991834,-1.1143547816460884,1.917361099313299,1.493284535712477,0,1,0,1
0.4974955318185388,0.737662252421413,-1.6888906871400242,2.449039327499348,1.0848068249682885,0,1,0,1
0.4974955318185388,0.670261366815846,-0.7796736716496209,1.807012787802987,1.2890456803403827,0,1,0,1
0.397503464563268,0.4006578243936547,0.2132136213398993,-0.2093518134308951,1.8703408840917284,0,1,0,1
0.5474915654461884,0.602860481210279,-1.4323018361427324,2.800147591395795,-1.5388769325040017,0,1,0,1
0.397503464563268,0.0636533963658965,-0.7462055606499741,2.128026057651167,1.273334999157914,0,1,0,1
0.4974955318185388,0.3332569387880877,-0.8912340416484434,1.736791135023697,1.508995216894946,0,1,0,1
0.4974955318185388,0.4006578243936547,-0.2553399326551551,-0.2193834781136509,1.5404165792598836,0,1,0,1
0.2475153636803477,-0.0711483748452374,-0.7908297086495032,0.5931813611895553,1.603259303989759,1,0,0,1
0.1475232964250769,-0.0711483748452374,-0.8075637641493265,0.6734346786516008,1.603259303989759,1,0,0,1
0.2475153636803477,-0.1385492604507661,0.6929232123348361,-1.0921383055133904,0.5820650271292868,0,1,0,1
0.397503464563268,-0.0711483748452374,-1.2649612811444988,2.539324309644148,1.3204670427053204,0,1,0,1
0.5474915654461884,0.2658560531825208,-1.2649612811444988,3.3719524783128647,-0.9261603663877184,0,1,0,1
0.6974796663290803,0.4680587099991834,-0.9525922451477956,2.3788176747200582,-0.2506010755415597,0,0,1,1
0.7974717335843795,0.4006578243936547,-1.2816953366443222,2.589482633057926,-0.5176826556435293,0,0,1,1
0.7974717335843795,0.4680587099991834,-0.8856560231485022,1.1850495774721377,1.6975233910845715,0,1,0,1
0.7474756999567299,0.4680587099991834,-1.1310888371459118,2.5694193036924142,-1.6959837443286896,0,0,1,1
0.8474677672120007,0.670261366815846,-0.5453968946520936,0.4326747262654651,1.5718379416248212,0,1,0,1
0.5474915654461884,0.4680587099991834,6.120335212777551,-2.7874896368990925,-0.1249156260818093,0,0,1,1
0.5974875990738095,1.0746666804491714,-0.4338365246532711,1.2953978889824496,1.5718379416248212,0,1,0,1
0.397503464563268,0.9398649092380372,-1.2091810961450875,2.729925938616505,-1.4131914830442511,0,1,0,1
0.3475074309356185,0.737662252421413,5.239008289786853,-2.667109660706025,0.9748320566910068,0,1,0,1
0.2475153636803477,0.3332569387880877,6.103601157277727,-2.7874896368990925,-1.42890216422672,0,1,0,1
0.3475074309356185,0.2658560531825208,-0.6848473571506217,2.1882160457477005,1.58754862280729,0,1,0,1
0.2975113973079973,0.1984551675769921,0.6092529348357192,-0.9516949999548118,1.7132340722670405,0,1,0,1
0.1475232964250769,0.1984551675769921,-0.9860603561474424,2.037741075506366,1.5404165792598836,0,1,0,1
-0.0524608380854929,0.1310542819714251,-1.3988337251430858,2.9706858910026397,-0.7219215110156237,0,1,0,1
-0.0024648044578433,0.9398649092380372,0.8546857488331286,-1.1021699701961465,1.6975233910845715,0,0,1,1
0.2975113973079973,1.2768693372657955,-0.9302801711480312,2.0176777461408553,1.6346806663546964,0,1,0,1
0.2475153636803477,1.209468451660267,-0.0824213591569802,-0.1090351666033388,1.666102028719634,0,1,0,1
0.0475312291698062,0.8724640236325086,5.802388158280906,-2.757394642850825,-0.6905001486506862,0,1,0,1
0.1475232964250769,0.8050631380269416,-0.8800780046485611,2.5292926449613926,0.4406688964870675,0,0,1,1
0.0975272627974273,0.670261366815846,-1.5829083356411429,3.191382514023264,0.6449077518591619,0,1,0,1
0.2475153636803477,0.737662252421413,-1.3542095771435567,2.1380577223339223,1.4775738545300083,0,0,1,1
0.2475153636803477,0.8050631380269416,-1.499238058142026,2.760020932664772,1.5718379416248212,0,1,0,1
0.3475074309356185,1.209468451660267,-1.1310888371459118,1.8471394465340092,1.273334999157914,0,1,0,1
0.3475074309356185,1.1420675660547,3.1137832413092843,-2.115368103154465,1.9488942900040724,0,0,1,1
0.2475153636803477,1.209468451660267,-0.9525922451477956,1.796981123120231,1.3047563615228517,0,1,0,1
0.1975193300526981,1.209468451660267,-1.4880820211421435,1.9273927639960544,1.4147311298001333,0,1,0,1
0.1975193300526981,1.0746666804491714,-1.8896993531379047,3.672902418795534,-1.648851700781283,0,1,0,1
0.1475232964250769,1.1420675660547,-0.919124134148149,0.793814654844668,1.7917874781793846,0,0,1,1
0.397503464563268,1.6138737652935538,-0.4115244506535067,1.917361099313299,-0.2663117567240285,0,1,0,1
0.3475074309356185,1.2768693372657955,-1.1366668556458528,1.7167278056581865,1.351888405070258,0,1,0,1
0.4974955318185388,1.4790719940824582,6.5331085817731935,-3.038281253967983,0.5506436647643491,0,0,1,1
0.3475074309356185,1.2768693372657955,-0.7796736716496209,1.024542942548048,1.7917874781793846,0,1,0,1
0.1975193300526981,1.209468451660267,0.0793411773413123,-0.6908717182031652,1.58754862280729,0,0,1,1
-0.2024489389683849,0.602860481210279,-1.727936816639612,2.5292926449613926,1.58754862280729,0,1,0,1
-0.3024410062236841,0.5354595956047504,-0.9079680971482668,1.3957145358100058,1.6818127099021027,0,1,0,1
-0.4024330734789548,0.4680587099991834,1.105696581330479,-1.3028032638512588,1.8389195217267909,0,1,0,1
-0.5024251407342256,0.1984551675769921,-1.3151634476439689,2.870369244175083,0.0479018669253474,0,0,1,1
-0.652413241617146,0.0636533963658965,-0.7629396161497976,2.980717555685396,-0.6905001486506862,0,0,1,1
-0.7524053088724167,-0.3407519172674287,-0.8577659306487967,0.6333080199205777,1.493284535712477,0,1,0,1
-0.7524053088724167,-0.205950146056333,6.014352861278669,-2.7975213015818476,-0.0934942637168717,0,1,0,1
-0.652413241617146,-0.1385492604507661,-1.995681704636786,2.5995142977406824,1.493284535712477,0,1,0,1
-0.8024013425000663,-0.2733510316618617,0.9550900818320688,-1.272708269802992,0.8648572884137251,0,1,0,1
-1.252365645148799,-1.2843643157451363,-1.142244874145794,3.211445843388775,0.6763291142240996,0,0,1,1
-1.3023616787764485,-1.082161658928512,-0.9470142266478546,1.0646696012790704,1.7603661158144468,0,1,0,1
-1.3023616787764485,-1.149562544534041,-0.3557442656540954,0.0514714683207514,1.7917874781793846,0,1,0,1
-1.4523497796593403,-1.0147607733229451,-1.2036030776451463,0.4427063909482209,1.5561272604423524,0,1,0,1
-1.3023616787764485,-0.8125581165062826,-1.192447040645264,2.2484060338442347,1.508995216894946,0,0,1,1
-1.3523577124040698,-1.149562544534041,-0.4449925616531534,1.9675194227270771,1.5561272604423524,0,0,1,1
-1.4023537460317193,-1.2843643157451363,-1.1087767631461474,2.1380577223339223,1.5561272604423524,0,0,1,1
-1.4023537460317193,-1.2843643157451363,-0.6011770796515049,0.9743846191342698,1.603259303989759,0,1,0,1
-1.3523577124040698,-1.216963430139608,-0.7964077271494443,1.2753345596169388,1.6346806663546964,0,1,0,1
-1.3523577124040698,-1.2843643157451363,0.425178324337662,-0.4601434304997859,1.7132340722670405,0,1,0,1
-1.4023537460317193,-1.4191660869562706,-1.186869022145323,3.5525224426024673,1.0062534190559445,0,1,0,1
-1.1023775442658783,-0.7451572309007539,1.85315106032259,-1.4432465694098375,1.4461524921650708,0,1,0,1
-1.1023775442658783,-0.677756345295187,-0.7573615976498564,2.4289759981338364,-1.6959837443286896,0,1,0,1
-0.9523894433829584,-0.9473598877173782,-1.0306845041469714,1.3957145358100058,1.5561272604423524,0,1,0,1
-0.452429107106576,-0.1385492604507661,-0.785251690149562,1.5461895060513404,1.7132340722670405,0,1,0,1
-0.2024489389683849,0.4680587099991834,2.1376300038195875,-1.6739748571132171,1.5247058980774149,0,1,0,1
-0.5024251407342256,0.1310542819714251,-0.9023900786483257,2.2584376985269903,-0.2506010755415597,0,1,0,1
-0.5024251407342256,-0.0711483748452374,-0.9247021526480902,1.5762845000996075,1.4618631733475396,0,1,0,1
-0.452429107106576,-0.0037474892396704,-0.9581702636477368,1.6364744881961408,1.493284535712477,0,1,0,1
-0.5524211743618752,-0.1385492604507661,-1.4044117436430268,2.1982477104304565,1.6975233910845715,0,1,0,1
-0.452429107106576,0.0636533963658965,-0.5788650056517404,0.8840996369894685,1.901762246456666,0,1,0,1
-0.452429107106576,0.1310542819714251,-1.2370711886447932,1.4859995179548064,1.9331836088216037,0,1,0,1
-0.4024330734789548,0.1984551675769921,-1.041840541146854,0.8941313016722243,2.0431583770988855,0,1,0,1
-0.7024092752447672,-0.1385492604507661,4.08435846029904,-2.386223049588867,1.7289447534495093,0,1,0,1
-0.7524053088724167,-0.3407519172674287,-1.365365614143439,2.679767615202727,-1.507455570139064,0,1,0,1
-0.7524053088724167,-0.4081528028729957,-0.9972163931473248,2.0979310636029,1.2419136367929764,0,1,0,1
-0.8523973761276875,-0.4755536884785243,-1.1255108186459706,1.61641115883063,1.5404165792598836,0,1,0,1
-0.7024092752447672,-1.216963430139608,-0.9916383746473836,2.830242585444062,1.0062534190559445,0,1,0,1
